HiC-Pro	HiCUP	Hi-CPIPE	Hickit	Bin3C_5	Bin3C_5SP
HiC-Pro	1	0.91718662181665	0.932391296225987	0.932859456767039	0.932859456767039	0.932569256380702
HiCUP	0.91718662181665	1	0.941386633411264	0.924246995876431	0.924246995876431	0.923764516210396
Hi-CPIPE	0.932391296225987	0.941386633411264	1	0.978603784911505	0.978603784911505	0.97822582959495
Hickit	0.932859456767039	0.924246995876431	0.978603784911505	1	1	0.999540280055432
Bin3C_5	0.932859456767039	0.924246995876431	0.978603784911505	1	1	0.999540280055432
Bin3C_5SP	0.932569256380702	0.923764516210396	0.97822582959495	0.999540280055432	0.999540280055432	1
