HiC-Pro	HiCUP	Hi-CPIPE	Hickit	Bin3C_5	Bin3C_5SP
HiC-Pro	1	0.931541621513157	0.944340887636997	0.945474505525549	0.945474505525549	0.945219184121229
HiCUP	0.931541621513157	1	0.953452740230468	0.941976019020798	0.941976019020798	0.941657471546668
Hi-CPIPE	0.944340887636997	0.953452740230468	1	0.985536468164532	0.985536468164532	0.985247721668511
Hickit	0.945474505525549	0.941976019020798	0.985536468164532	1	1	0.999620168782822
Bin3C_5	0.945474505525549	0.941976019020798	0.985536468164532	1	1	0.999620168782822
Bin3C_5SP	0.945219184121229	0.941657471546668	0.985247721668511	0.999620168782822	0.999620168782822	1
