HiC-Pro	HiCUP	Hi-CPIPE	Hickit	Bin3C_5	Bin3C_5SP
HiC-Pro	1	0.966068792678568	0.966213521674568	0.897356261799303	0.911756567977607	0.909918584213715
HiCUP	0.966068792678568	1	0.980100151455855	0.895310127294757	0.909550081689429	0.910994831154572
Hi-CPIPE	0.966213521674568	0.980100151455855	1	0.928850473331136	0.935804050752943	0.94179933397477
Hickit	0.897356261799303	0.895310127294757	0.928850473331136	1	0.995903426929764	0.927914987950225
Bin3C_5	0.911756567977607	0.909550081689429	0.935804050752943	0.995903426929764	1	0.940247061796593
Bin3C_5SP	0.909918584213715	0.910994831154572	0.94179933397477	0.927914987950225	0.940247061796593	1
