HiC-Pro	HiCUP	Hi-CPIPE	Hickit	Bin3C_5	Bin3C_5SP
HiC-Pro	1	0.980857066555963	0.987295318180814	0.983427635258577	0.983427635258577	0.956887096765015
HiCUP	0.980857066555963	1	0.987881581492844	0.972094343058762	0.972094343058762	0.943044825626071
Hi-CPIPE	0.987295318180814	0.987881581492844	1	0.990343250309956	0.990343250309956	0.963589573001743
Hickit	0.983427635258577	0.972094343058762	0.990343250309956	1	1	0.978091202185058
Bin3C_5	0.983427635258577	0.972094343058762	0.990343250309956	1	1	0.978091202185058
Bin3C_5SP	0.956887096765015	0.943044825626071	0.963589573001743	0.978091202185058	0.978091202185058	1
