HiC-Pro	HiCUP	Hi-CPIPE	Hickit	Bin3C_5	Bin3C_5SP
HiC-Pro	1	0.917927860283533	0.932440172241683	0.934065362227042	0.934065181836894	0.935142206112693
HiCUP	0.917927860283533	1	0.955663093715285	0.941266069686263	0.941266023786949	0.942211164510362
Hi-CPIPE	0.932440172241683	0.955663093715285	1	0.983108763379141	0.983108478000324	0.984343352661898
Hickit	0.934065362227042	0.941266069686263	0.983108763379141	1	0.999999717198225	0.998039777849633
Bin3C_5	0.934065181836894	0.941266023786949	0.983108478000324	0.999999717198225	1	0.998040059935526
Bin3C_5SP	0.935142206112693	0.942211164510362	0.984343352661898	0.998039777849633	0.998040059935526	1
