HiC-Pro	HiCUP	Hi-CPIPE	Hickit	Bin3C_5	Bin3C_5SP
HiC-Pro	1	0.91669822156262	0.932012465787054	0.932882773192747	0.932882773192747	0.933674128966566
HiCUP	0.91669822156262	1	0.950309577305652	0.931563261423038	0.931563261423038	0.931971630963042
Hi-CPIPE	0.932012465787054	0.950309577305652	1	0.978278399987071	0.978278399987071	0.979062704282548
Hickit	0.932882773192747	0.931563261423038	0.978278399987071	1	1	0.997990039914064
Bin3C_5	0.932882773192747	0.931563261423038	0.978278399987071	1	1	0.997990039914064
Bin3C_5SP	0.933674128966566	0.931971630963042	0.979062704282548	0.997990039914064	0.997990039914064	1
