HiC-Pro	HiCUP	Hi-CPIPE	Hickit	Bin3C_5	Bin3C_5SP
HiC-Pro	1	0.805041659528035	0.783680308224308	0.78439123773247	0.806252401567886	0.806241325033643
HiCUP	0.805041659528035	1	0.91458819893311	0.907183273269703	0.934739591169776	0.934698045592904
Hi-CPIPE	0.783680308224308	0.91458819893311	1	0.989694801884001	0.955796738262691	0.956061802033587
Hickit	0.78439123773247	0.907183273269703	0.989694801884001	1	0.965138612974787	0.964656556323264
Bin3C_5	0.806252401567886	0.934739591169776	0.955796738262691	0.965138612974787	1	0.999371971508964
Bin3C_5SP	0.806241325033643	0.934698045592904	0.956061802033587	0.964656556323264	0.999371971508964	1
