HiC-Pro	HiCUP	Hi-CPIPE	Hickit	Bin3C_5	Bin3C_5SP
HiC-Pro	1	0.840800607497709	0.825405964777006	0.825233691355075	0.845027219790223	0.844969183526513
HiCUP	0.840800607497709	1	0.92534938290273	0.915747752571281	0.936941910492354	0.936804559074074
Hi-CPIPE	0.825405964777006	0.92534938290273	1	0.989318408861664	0.963570376071192	0.963757889141827
Hickit	0.825233691355075	0.915747752571281	0.989318408861664	1	0.973562301863415	0.973107572873702
Bin3C_5	0.845027219790223	0.936941910492354	0.963570376071192	0.973562301863415	1	0.999392059013498
Bin3C_5SP	0.844969183526513	0.936804559074074	0.963757889141827	0.973107572873702	0.999392059013498	1
