HiC-Pro	HiCUP	Hi-CPIPE	Hickit	Bin3C_5	Bin3C_5SP
HiC-Pro	1	0.972544987076657	0.975217442952687	0.955173006163798	0.963557174735907	0.974554935162205
HiCUP	0.972544987076657	1	0.98267458931135	0.95151898903548	0.959630991317053	0.973674784175359
Hi-CPIPE	0.975217442952687	0.98267458931135	1	0.9776861547905	0.979588902479778	0.991169182942088
Hickit	0.955173006163798	0.95151898903548	0.9776861547905	1	0.997008116658592	0.984563083217684
Bin3C_5	0.963557174735907	0.959630991317053	0.979588902479778	0.997008116658592	1	0.989548797984434
Bin3C_5SP	0.974554935162205	0.973674784175359	0.991169182942088	0.984563083217684	0.989548797984434	1
