HiC-Pro	HiCUP	Hi-CPIPE	Hickit	Bin3C_5	Bin3C_5SP
HiC-Pro	1	0.982808082785617	0.988663596930198	0.978529911180828	0.978529883929319	0.871961395022978
HiCUP	0.982808082785617	1	0.989936334026379	0.969638720990402	0.969638763788498	0.859741423950862
Hi-CPIPE	0.988663596930198	0.989936334026379	1	0.98485905316909	0.984859010890264	0.877839232304029
Hickit	0.978529911180828	0.969638720990402	0.98485905316909	1	0.999999970433226	0.924825332293649
Bin3C_5	0.978529883929319	0.969638763788498	0.984859010890264	0.999999970433226	1	0.924825363638382
Bin3C_5SP	0.871961395022978	0.859741423950862	0.877839232304029	0.924825332293649	0.924825363638382	1
