HiC-Pro	HiCUP	Hi-CPIPE	Hickit	Bin3C_5	Bin3C_5SP
HiC-Pro	1	0.955933197248933	0.966018612318944	0.963560079826469	0.963560079826469	0.904662494903834
HiCUP	0.955933197248933	1	0.968675286087666	0.949799725982603	0.949799725982603	0.883955038430831
Hi-CPIPE	0.966018612318944	0.968675286087666	1	0.983839685938089	0.983839685938089	0.92539246487118
Hickit	0.963560079826469	0.949799725982603	0.983839685938089	1	1	0.943888490482913
Bin3C_5	0.963560079826469	0.949799725982603	0.983839685938089	1	1	0.943888490482913
Bin3C_5SP	0.904662494903834	0.883955038430831	0.92539246487118	0.943888490482913	0.943888490482913	1
